House,Source,Jan 2019,Feb 2019,Mar 2019,Apr 2019,May 2019,Jun 2019,Jul 2019,Aug 2019,Sep 2019,Oct 2019,Nov 2019,Dec 2019,Jan 2020,Feb 2020,Mar 2020,Apr 2020,May 2020,Jun 2020,Jul 2020,Aug 2020,Sep 2020,Oct 2020,Nov 2020,Dec 2020,Jan 2021,Feb 2021,Mar 2021,Apr 2021,May 2021,Jun 2021,Jul 2021,Aug 2021,Sep 2021,Oct 2021,Nov 2021,Dec 2021,Jan 2022,Feb 2022,Mar 2022,Apr 2022,May 2022,Jun 2022,Jul 2022,Aug 2022,Sep 2022,Oct 2022,Nov 2022,Dec 2022,Jan 2023,Feb 2023,Mar 2023,Apr 2023,May 2023,Jun 2023,Jul 2023,Aug 2023,Sep 2023,Oct 2023,Nov 2023,Dec 2023,Mean,Standard Deviation
PAGE,Electricity,"6,941.7","5,608.9","7,650.8","2,246.5","2,559.1","15,404.3","11,427.5","11,427.5","15,555.6","15,733.2","19,023.0","18,727.7","16,764.8","17,869.1","18,800.5","16,024.7","14,153.7","14,711.5","14,011.0","14,542.8","13,288.5","16,642.4","18,054.3","16,540.5","10,531.3","10,294.3","15,608.0","17,356.3","16,566.3","13,775.9","12,502.6","10,385.5","16,327.3","19,971.5","20,377.0","19,381.8","14,850.3","18,257.1","19,003.2","19,074.3","19,402.2","15,858.5","12,763.9","15,452.7","17,332.0","19,921.1","20,118.2","19,166.4","16,734.7","17,081.3","17,771.7","17,943.8","19,313.9","15,415.5","11,914.8","14,405.4","15,971.5","20,191.0","20,849.1","19,472.1","15,417.5","4,213.0"
PAGE,MTHW,,,,,,,,,,37.8,47.1,107.9,131.1,123.4,103.7,63.5,36.2,38.7,39.1,46.2,43.1,44.1,41.4,57.7,93.5,100.0,99.7,82.4,60.8,43.9,41.4,33.5,47.2,53.2,57.9,82.6,63.4,131.6,96.0,71.9,59.4,47.9,40.0,50.1,55.8,59.0,58.1,78.6,116.3,98.5,88.0,84.7,64.2,47.6,46.5,53.4,37.2,53.3,54.3,78.2,66.5,26.9
PAGE,Water,110.0,116.0,200.3,23.0,28.0,19.0,3.0,7.0,416.0,"1,357.0","1,023.0",828.0,402.0,647.0,856.0,183.0,3.0,8.0,9.0,5.0,10.0,666.0,760.0,539.0,10.0,44.0,616.0,871.0,883.0,421.0,9.0,5.0,436.0,938.0,870.0,762.0,472.0,471.0,921.0,736.0,923.0,354.0,6.0,317.0,597.0,"1,021.0",939.0,742.0,455.0,575.0,"1,112.0",943.0,"1,251.0",402.0,16.0,366.0,752.0,"1,309.0","1,392.0","1,136.0",521.5,420.5
EMMET,Electricity,"7,558.3","6,107.1","8,330.4","2,446.1","2,786.4","16,772.7","12,442.5","12,442.5","16,937.4","17,130.8","20,712.8","20,391.3","18,254.0","19,456.4","20,470.5","17,448.2","15,410.9","16,018.3","15,255.6","15,834.6","14,469.0","18,120.8","19,658.1","18,009.8","11,466.7","11,208.7","16,994.4","18,898.1","18,037.9","14,999.6","13,613.2","11,308.0","17,777.6","21,745.6","22,187.0","21,103.5","16,169.4","19,878.9","20,691.3","20,768.7","21,125.7","17,267.2","13,897.5","16,825.2","18,871.4","21,690.4","21,905.0","20,868.6","18,221.0","18,598.4","19,350.1","19,537.5","21,029.3","16,784.6","12,973.0","15,684.8","17,390.1","21,984.3","22,700.9","21,201.5","16,787.0","4,587.2"
EMMET,MTHW,,,,,,,,,,41.1,51.3,117.5,142.8,134.4,112.9,69.1,39.4,42.1,42.6,50.3,46.9,48.0,45.1,62.8,101.8,108.9,108.5,89.7,66.2,47.8,45.0,36.4,51.4,57.9,63.1,89.9,69.1,143.2,104.6,78.2,64.7,52.1,43.6,54.5,60.7,64.3,63.3,85.6,126.7,107.3,95.8,92.2,69.9,51.8,50.7,58.2,40.5,58.0,59.2,85.1,72.4,29.3
EMMET,Water,110.0,116.0,110.0,110.0,59.0,50.0,6.0,5.0,228.0,"1,106.0",937.0,804.0,426.0,669.0,871.0,187.0,3.0,6.0,5.0,4.0,7.0,621.0,672.0,462.0,6.0,47.0,525.0,618.0,594.0,246.0,11.0,4.0,401.0,900.0,820.0,581.0,326.0,29.8,755.8,424.8,721.2,263.4,29.1,"1,206.6","1,080.1","1,175.9",570.9,459.1,288.9,385.1,680.3,588.3,817.1,299.0,41.0,319.0,563.0,885.0,841.0,630.0,428.5,355.7
ECHOLS,Electricity,"6,941.7","5,608.9","7,650.8","2,246.5","2,559.1","10,187.5","2,731.7","4,757.1","5,072.2","7,927.6","18,485.7","17,862.9","15,409.3","17,604.8","19,336.4","16,205.5","13,240.0","12,808.2","10,119.2","8,401.1","13,357.9","19,175.3","20,379.3","19,107.3","10,521.7","9,861.4","17,100.5","20,091.7","19,083.0","16,394.7","12,649.0","13,577.8","16,721.8","21,338.4","21,142.1","20,250.4","15,093.5","18,576.2","18,996.4","19,973.8","19,994.8","16,645.4","12,984.8","13,329.9","15,200.4","20,788.5","19,196.4","17,966.9","14,674.2","16,026.9","17,580.7","18,063.1","18,978.6","15,298.9","10,723.5","13,416.1","16,065.9","20,780.6","20,505.0","19,497.0","14,771.1","5,265.4"
ECHOLS,MTHW,,,,,,,,,,49.3,49.7,80.1,86.4,95.2,76.4,82.5,39.5,32.2,29.4,22.1,45.7,58.4,60.7,79.8,85.9,90.7,104.1,67.9,54.9,50.9,50.7,57.0,42.0,58.0,54.4,74.7,58.6,117.6,86.5,63.8,53.2,45.2,37.7,37.9,35.7,56.4,54.6,71.0,101.2,85.1,77.1,70.7,52.3,46.7,37.6,46.0,47.1,61.5,56.9,72.9,61.8,20.9
ECHOLS,Water,110.0,116.0,110.0,110.0,116.7,18.0,19.0,33.0,421.0,"1,199.0","1,086.0",970.0,537.0,812.0,"1,093.0",255.0,13.0,8.0,11.0,68.0,32.0,818.0,"1,016.0",745.0,20.0,77.0,807.0,"1,158.0",878.0,370.0,9.0,2.0,462.0,"1,037.0",932.0,812.0,493.0,514.0,945.0,738.0,912.0,351.0,7.0,258.0,744.0,"1,219.0","1,095.0",843.0,503.0,680.0,"1,195.0","1,010.0","1,181.0",391.0,7.0,319.0,731.0,"1,038.0","1,025.0",861.0,555.7,423.8
HUMPHREYS,Electricity,"7,558.3","6,107.1","8,330.4","2,446.1","2,786.4","11,092.5","2,974.3","5,179.6","5,522.7","8,631.8","20,127.7","19,449.6","16,778.0","19,168.6","21,054.1","17,645.0","14,416.0","13,945.9","11,018.1","9,147.3","14,544.5","20,878.6","22,189.6","20,804.6","11,456.4","10,737.4","18,619.5","21,876.4","20,778.1","17,851.1","13,772.6","14,783.9","18,207.2","23,233.9","23,020.2","22,049.2","16,434.2","20,226.3","20,683.8","21,748.1","21,770.9","18,124.0","14,138.1","14,513.8","16,550.4","22,634.9","20,901.4","19,562.6","15,977.5","17,450.4","19,142.2","19,667.4","20,664.2","16,657.7","11,675.9","14,607.7","17,492.8","22,626.3","22,326.2","21,228.6","16,083.1","5,733.1"
HUMPHREYS,MTHW,,,,,,,,,,53.7,54.1,87.2,94.0,103.6,83.2,89.9,43.0,35.0,32.0,24.1,49.8,63.6,66.1,86.8,93.5,98.7,113.4,73.9,59.8,55.4,55.3,62.1,45.7,63.1,59.3,81.4,63.8,128.1,94.2,69.5,57.9,49.2,41.0,41.3,38.9,61.5,59.5,77.3,110.2,92.7,84.0,77.0,56.9,50.8,40.9,50.1,51.3,67.0,62.0,79.3,67.3,22.7
HUMPHREYS,Water,110.0,116.0,110.0,110.0,,30.0,50.0,29.0,904.0,"1,492.0","1,221.0",975.0,502.0,804.0,"1,066.0",259.0,44.0,126.0,289.0,220.0,40.0,623.0,692.0,526.0,5.0,43.0,507.0,565.0,511.0,261.0,6.0,1.0,365.0,803.0,679.0,519.0,292.0,285.0,548.0,473.0,593.0,230.0,9.0,7.0,382.0,762.0,617.0,181.1,504.4,351.1,511.7,462.0,652.5,298.0,10.0,201.0,531.0,959.0,899.0,712.0,425.0,343.8
LEFEVRE,Electricity,"10,979.5","10,631.2","12,047.1","12,460.4","14,043.2","10,360.2","8,209.0","7,806.6","4,902.1","4,321.2","4,696.4","5,988.4","6,914.9","6,841.4","6,425.9","6,867.2",,"6,673.6","11,367.9","15,435.0","13,897.0","19,435.8","20,493.1","18,127.9","10,649.8","10,678.7","18,415.6","20,182.5","19,443.2","15,887.1","12,469.8","12,960.0","16,453.9","20,444.6","20,710.3","19,321.8","14,036.8","16,908.5","19,034.4","19,043.2","20,018.0","16,589.7","13,118.6","13,835.3","17,187.9","21,346.5","21,662.5","19,833.7","17,038.8","17,941.2","17,813.3","19,563.5","20,276.0","16,731.8","14,934.4","16,337.2","19,374.5","22,047.2","22,569.6","20,825.6","14,823.9","5,243.2"
LEFEVRE,MTHW,475.2,425.2,410.2,428.1,316.2,247.2,294.6,169.8,144.0,0.0,0.0,0.0,0.0,196.3,174.7,174.7,25.8,85.5,25.2,44.3,54.7,46.7,40.3,48.3,74.9,85.1,96.4,63.0,49.8,38.9,43.5,48.1,50.8,49.9,49.5,66.3,51.4,121.5,86.1,59.2,49.4,43.2,43.4,53.2,60.5,61.9,57.2,71.1,106.7,88.5,76.2,72.0,48.2,40.7,36.1,44.1,63.5,62.6,60.4,70.7,101.2,110.0
LEFEVRE,Water,"1,164.2","1,286.3","1,884.1","1,354.4","1,865.4",980.4,863.1,122.0,222.7,53.9,35.3,37.5,35.3,36.3,44.0,41.8,-28.8,36.7,15.0,146.0,56.0,438.0,554.0,409.0,10.0,42.0,461.0,593.0,534.0,237.0,5.0,3.0,347.0,678.0,581.0,485.0,313.0,337.0,565.0,414.0,499.0,"3,441.0",269.0,97.0,380.0,799.0,724.0,519.0,304.0,450.0,731.0,585.0,714.0,302.0,117.0,174.0,442.0,767.0,741.0,587.0,498.3,574.2
METCALF,Electricity,"14,262.8","14,033.5","15,708.7","15,494.5","17,568.8","11,581.3","7,723.0","7,344.4","4,611.9","4,065.4","4,418.3","5,633.8","6,505.5","6,436.3","6,045.5","6,460.7",,"6,278.4","10,694.9","14,521.1","13,074.2","18,285.1","19,279.8","17,054.6","10,019.3","10,046.5","17,325.3","18,987.5","18,292.0","14,946.5","11,731.5","12,192.7","15,479.7","19,234.1","19,484.2","18,177.8","13,205.8","15,907.5","17,907.5","17,915.7","18,832.8","15,607.5","12,342.1","13,016.4","16,170.5","20,082.9","20,380.2","18,659.7","16,030.2","16,879.2","16,758.8","18,405.5","19,075.8","15,741.3","14,050.4","15,370.2","18,227.6","20,742.1","21,233.6","19,592.8","14,324.3","4,857.7"
METCALF,MTHW,447.1,400.1,385.9,402.8,297.5,232.5,277.1,159.8,135.4,0.0,0.0,0.0,0.0,184.7,164.3,164.3,24.2,80.5,23.8,41.6,51.5,43.9,37.9,45.5,70.4,80.0,90.7,59.3,46.9,36.6,40.9,45.2,47.8,46.9,46.5,62.3,48.3,114.3,81.0,55.7,46.4,40.7,40.8,50.0,56.9,58.2,53.8,66.9,100.4,83.3,71.7,67.8,45.3,38.3,34.0,41.5,59.8,58.9,56.8,66.5,95.2,103.5
METCALF,Water,"1,411.9","1,523.9","2,209.9","1,639.3","2,238.3","1,060.8",823.9,55.0,219.6,37.2,32.4,29.5,32.4,31.1,30.0,31.6,-11.6,27.7,22.0,457.0,62.0,602.0,700.0,502.0,7.0,45.0,582.0,713.0,668.0,257.0,9.0,75.0,448.0,800.0,790.0,582.0,356.0,383.0,696.0,522.0,680.0,245.0,17.0,22.0,423.0,999.0,879.0,638.0,411.0,559.0,993.0,824.0,"1,064.0",424.0,180.0,247.0,568.0,"1,073.0","1,068.0",887.0,548.4,521.9
HANCOCK,Electricity,"11,096.0","11,312.0","12,956.0","13,524.0","15,192.0","12,198.0","14,586.6","6,782.0","7,539.0","4,065.4","4,418.3","5,633.8","6,505.5","6,436.3","6,045.5","6,460.7",,"30,989.0","13,265.0","14,625.7","13,677.6","19,152.0","20,494.8","18,182.5","11,416.8","11,483.9","18,270.0","19,776.7","18,689.7","15,700.5","12,726.8","13,555.8","16,385.7","20,068.3","20,371.1","18,999.9","14,737.3","17,031.6","18,585.7","18,904.6","19,679.8","15,848.8","12,860.8","13,415.6","16,868.5","20,575.0","20,781.2","18,989.2","16,111.6","15,668.7","19,142.4","19,813.8","20,531.7","16,856.9","15,795.7","18,552.6","19,359.8","20,895.6","21,303.4","19,798.4","15,333.8","5,252.5"
HANCOCK,MTHW,447.1,400.1,385.9,402.8,297.5,232.5,277.1,159.8,135.4,0.0,0.4,126.9,112.4,115.3,86.0,86.0,-2.0,32.0,21.9,47.6,48.9,50.2,52.4,61.7,90.7,98.3,108.6,72.6,53.9,43.4,51.8,58.2,61.3,59.9,62.1,89.2,63.7,137.4,96.2,73.8,63.4,53.1,54.5,67.1,69.1,63.9,70.6,87.7,123.4,111.8,93.8,88.2,59.2,50.3,74.3,104.6,97.4,81.0,80.3,102.8,106.6,97.7
HANCOCK,Water,"1,499.9","1,316.9","1,360.9","2,310.2","1,892.2",955.8,841.9,,192.6,,45.0,25.0,45.0,35.9,20.0,28.6,11.4,26.8,19.0,475.0,6.0,554.0,663.0,457.0,2.0,31.0,416.0,457.0,392.0,160.0,5.0,1.0,277.0,595.0,534.0,520.0,253.0,278.0,468.0,375.0,495.0,181.0,8.0,64.0,410.0,770.0,649.0,465.0,281.0,418.0,699.0,557.0,703.0,278.0,106.0,292.0,483.0,755.0,738.0,777.0,459.9,472.7
BONNYCASTLE,Electricity,"25,254.0","30,615.0","30,814.0","28,797.0","31,406.0","22,349.0","17,146.0","21,773.0","22,118.0","30,263.0","33,097.0","26,662.7","26,852.7","29,708.3","30,873.6","23,243.3","18,644.0","17,201.6","8,496.1","12,212.9","13,431.3","22,801.3","24,612.3","26,419.4","14,059.9","12,722.3","23,690.1","30,822.5","28,352.1","22,459.9","14,780.6","11,167.2","22,863.8","30,685.9","30,254.8","28,033.5","21,746.8","24,297.3","27,809.9","27,596.6","28,110.6","21,311.3","15,861.1","9,955.4","16,587.0","27,561.3","28,556.0","26,253.0","21,759.0","20,646.3","26,738.0","27,548.4","27,770.0","21,510.1","14,105.8","12,762.8","21,915.8","31,153.0","31,456.1","28,984.3","23,444.7","6,478.3"
BONNYCASTLE,MTHW,109.8,134.3,108.2,90.8,56.1,49.8,40.4,50.9,52.1,57.8,47.4,111.7,102.1,109.5,96.3,55.4,31.6,30.3,12.6,7.5,11.2,28.0,32.0,74.7,92.1,81.1,94.5,71.7,49.5,36.9,37.6,23.1,46.6,52.7,54.0,75.6,56.2,133.9,91.2,63.4,48.9,41.5,40.0,19.0,19.0,48.5,45.2,66.3,101.8,82.7,75.5,77.3,47.1,40.3,33.3,32.9,39.4,55.7,48.0,70.6,59.9,30.2
BONNYCASTLE,Water,468.0,605.0,796.0,620.0,805.0,267.0,39.0,117.0,214.0,723.0,635.0,596.0,336.0,513.0,704.0,156.0,4.0,4.0,5.0,1.0,5.0,439.0,489.0,359.0,4.0,54.0,457.0,529.0,428.0,169.0,9.0,1.0,284.0,634.0,546.0,427.0,239.0,242.0,481.0,369.0,450.0,164.0,51.0,3.0,307.0,617.0,549.0,415.0,231.0,299.0,573.0,502.0,613.0,213.0,6.0,7.0,361.0,753.0,670.0,508.0,351.1,247.2
DABNEY,Electricity,"15,963.7","18,538.8","19,158.2","19,337.8","19,759.5","17,275.0","17,452.0","17,765.2","15,710.1","20,154.9","20,315.0","19,512.8","17,528.7","19,049.6","21,451.2","19,042.1","16,575.5","13,564.4","6,166.2","10,289.8","12,266.0","18,269.0","19,449.7","19,584.8","13,625.7","10,733.4","15,102.0","21,916.5","20,554.5","17,488.6","14,281.3","9,614.1","17,667.4","21,618.3","22,257.1","20,901.1","16,711.8","19,071.9","20,474.9","19,094.8","18,931.8","17,765.2","16,222.2","17,114.1","19,036.0","21,437.6","21,928.9","18,163.3","16,204.2","16,502.3","20,059.0","20,786.4","19,794.3","15,021.8","11,093.1","11,859.7","18,285.2","21,687.2","21,598.4","20,194.0","17,649.6","3,471.2"
DABNEY,MTHW,79.5,142.8,109.3,82.0,51.1,44.7,43.5,45.8,42.0,50.6,34.0,58.9,61.8,70.1,62.2,29.2,23.2,20.2,15.1,24.3,17.4,28.0,30.0,43.3,49.9,43.2,64.2,45.2,28.8,23.6,28.0,24.3,34.7,38.4,34.2,44.9,39.9,87.2,59.8,37.5,28.9,27.9,28.6,36.7,39.9,36.6,29.8,35.2,55.2,55.9,51.5,46.5,28.1,23.5,12.4,16.2,37.0,38.6,34.4,47.9,43.4,22.7
DABNEY,Water,557.8,"1,499.4","1,390.5",790.0,"1,025.0",453.0,395.0,406.0,475.0,"1,081.0",949.0,914.0,481.0,795.0,"1,115.0",237.0,4.0,4.0,3.0,279.0,19.0,637.0,752.0,556.0,7.0,39.0,487.0,566.0,484.0,195.0,6.0,116.0,412.0,716.0,673.0,565.0,341.0,354.0,672.0,500.0,604.0,266.0,20.0,67.0,452.0,957.0,849.0,588.0,359.0,489.0,905.0,847.0,"1,012.0",313.0,10.0,58.0,490.0,"1,032.0","1,015.0",810.0,534.9,369.8
KENT,Electricity,"17,388.6","20,193.6","20,868.1","21,055.5","21,514.7","18,809.5","19,002.3","19,343.2","17,105.7","21,945.2","22,119.5","21,246.1","19,085.8","20,741.8","23,356.6","20,733.6","18,047.9","14,769.3","6,713.9","11,203.8","13,355.6","19,891.8","21,177.4","21,324.5","14,836.0","11,686.8","16,443.5","23,863.3","22,380.3","19,042.1","15,549.9","10,468.1","19,236.7","23,538.7","24,234.2","22,757.7","18,196.2","20,766.1","22,293.6","20,791.0","20,613.5","19,343.2","17,663.0","18,634.1","20,726.7","23,341.6","23,876.6","19,776.5","17,643.3","17,968.0","21,840.6","22,632.5","21,552.4","16,356.0","12,078.4","12,913.0","19,909.3","23,613.3","23,516.6","21,987.5","19,217.7","3,779.6"
KENT,MTHW,86.6,155.5,119.0,89.3,55.6,48.7,47.3,49.8,45.7,55.1,37.1,64.1,67.2,76.4,67.7,31.8,25.3,21.9,16.5,26.5,18.9,30.5,32.7,47.2,54.4,47.0,69.9,49.3,31.4,25.7,30.4,26.5,37.8,41.8,37.3,48.9,43.4,94.9,65.1,40.9,31.4,30.4,31.1,39.9,43.4,39.8,32.4,38.3,60.2,60.8,56.0,50.7,30.5,25.5,13.5,17.7,40.3,42.0,37.4,52.1,47.2,24.7
KENT,Water,424.0,592.0,824.0,631.0,947.0,369.0,791.0,644.0,660.0,"1,151.0","1,007.0",914.0,521.0,768.0,984.0,227.0,12.0,10.0,6.0,2.0,10.0,626.0,691.0,506.0,6.0,36.0,340.0,392.0,377.0,169.0,6.0,3.0,309.0,565.0,477.0,394.0,235.0,259.0,451.0,365.0,443.0,240.0,212.0,268.0,404.0,564.0,523.0,401.0,219.0,411.0,561.0,430.0,533.0,189.0,8.0,64.0,414.0,643.0,776.0,634.0,427.3,289.8
FITZHUGH,Electricity,"8,042.5","7,727.9","8,936.8","8,914.6","10,248.6","6,398.4","7,895.3","5,368.4","13,716.0","14,644.8","12,846.6","10,134.0","7,776.1","8,859.4","8,384.0","6,420.4","5,082.4","5,488.1","7,604.9","12,541.9","12,260.4","8,984.9","6,842.3","7,097.6","5,309.4","4,894.5","5,916.5","5,990.5","7,746.3","8,762.0","13,058.2","19,287.8","20,146.0","22,636.4","17,157.1","9,129.6","7,770.4","7,530.2","9,449.8","11,793.6","13,865.7","14,804.9","14,453.7","13,579.5","16,165.0","17,155.5","13,111.3","12,456.0","8,443.8","8,415.2","12,420.2","12,788.6","14,719.0","8,404.9","11,577.3","15,337.6","16,944.9","16,772.6","15,991.8","15,026.1","11,020.5","4,221.9"
FITZHUGH,MTHW,282.9,322.1,279.8,262.3,169.2,65.1,38.6,24.5,31.4,60.1,153.1,255.2,260.4,276.8,244.1,153.4,105.7,92.0,18.4,25.2,25.9,80.2,85.3,179.2,188.5,204.3,245.6,212.9,170.1,136.3,92.9,125.0,80.2,145.8,118.3,113.7,121.5,163.1,165.4,144.1,112.4,92.3,41.3,38.7,39.5,41.3,76.3,118.8,174.0,151.6,107.7,113.9,50.7,28.7,22.8,17.8,14.5,16.0,37.9,112.5,122.1,82.5
FITZHUGH,Water,562.3,742.5,935.6,837.8,"1,088.1",341.3,228.0,902.9,453.4,"1,165.8","1,115.1","1,087.3",478.6,846.5,"1,062.7",303.3,36.6,26.4,20.4,136.1,99.5,868.6,989.0,768.0,33.3,94.8,853.6,986.1,938.5,436.8,622.7,215.8,652.0,"1,244.3","1,196.2","1,043.2",641.5,678.7,"1,185.2","1,007.1","1,259.0",494.9,21.0,82.3,712.2,"1,410.3","1,324.5",998.2,601.7,819.6,"1,071.5",462.4,610.6,217.9,90.6,23.6,687.1,"1,284.7","1,293.6","1,099.8",691.5,418.8
DUNGLISON,Electricity,"8,042.5","7,727.9","8,936.8","8,914.6","10,248.6","6,398.4","7,895.3","5,368.4","13,716.0","14,644.8","12,846.6","10,134.0","7,776.1","8,859.4","8,384.0","6,420.4","5,082.4","5,488.1","7,604.9","12,541.9","12,260.4","8,984.9","6,842.3","7,097.6","5,309.4","4,894.5","5,916.5","5,990.5","7,746.3","8,762.0","13,058.2","19,287.8","20,146.0","22,636.4","17,157.1","9,129.6","7,770.4","7,530.2","9,449.8","11,793.6","13,865.7","14,804.9","14,453.7","13,579.5","16,165.0","17,155.5","13,102.7","12,446.2","8,400.7","8,372.7","12,379.4","12,744.7","14,682.7","8,369.7","11,545.7","15,305.3","16,912.6","16,740.0","15,949.7","14,982.3","11,012.5","4,218.3"
DUNGLISON,MTHW,282.9,322.1,279.8,262.3,169.2,65.1,38.6,24.5,31.4,60.1,153.1,255.2,260.4,276.8,244.1,153.4,105.7,92.0,18.4,25.2,25.9,80.2,85.3,179.2,188.5,204.3,245.6,212.9,170.1,136.3,92.9,125.0,80.2,145.8,118.3,113.7,121.5,163.1,165.4,144.1,112.4,92.3,41.3,38.7,39.5,41.3,75.5,118.0,173.4,150.8,106.6,113.0,49.8,28.2,22.6,17.6,14.1,15.4,37.2,111.8,122.0,82.6
DUNGLISON,Water,562.3,742.5,935.6,837.8,"1,088.1",341.3,228.0,902.9,453.4,"1,165.8","1,115.1","1,087.3",478.6,846.5,"1,062.7",303.3,36.6,26.4,20.4,136.1,99.5,877.1,989.0,768.0,33.3,94.8,853.7,986.2,938.5,436.8,622.7,215.8,652.0,"1,244.4","1,196.2","1,043.3",641.6,678.7,"1,185.2","1,007.1","1,259.0",494.9,21.0,82.3,686.1,"1,358.6","1,275.9",961.6,579.7,789.5,"1,032.2",445.5,588.2,209.9,87.3,22.7,661.9,"1,237.5","1,246.1","1,059.4",683.9,412.7
COURTENAY,Electricity,"8,700.1","8,359.8","9,667.5","9,643.5","11,086.5","6,921.6","8,540.9","5,807.4","14,837.5","15,842.2","13,896.9","10,962.5","8,411.9","9,583.7","9,069.5","6,945.4","5,497.9","5,936.8","8,226.7","13,567.4","13,262.8","9,719.5","7,401.8","7,677.9","5,743.5","5,294.7","6,400.2","6,480.3","8,379.6","9,478.4","14,125.9","20,864.9","21,793.2","24,487.2","18,559.9","9,876.0","8,405.7","8,145.9","10,222.4","12,757.9","14,999.4","16,015.4","15,635.4","14,689.7","17,486.6","18,558.1","14,183.7","13,474.8","9,136.1","9,105.2","13,437.5","13,836.2","15,924.0","9,093.7","12,525.3","16,593.1","18,331.8","18,145.4","17,301.2","16,256.6","11,921.9","4,567.3"
COURTENAY,MTHW,306.0,348.5,302.7,283.8,183.0,70.5,41.8,26.5,34.0,65.0,165.7,276.0,281.7,299.5,264.0,165.9,114.3,99.6,19.9,27.3,28.0,86.7,92.3,193.8,203.9,221.0,265.7,230.3,184.0,147.4,100.5,135.3,86.8,157.8,128.1,123.1,131.5,176.6,179.1,156.0,121.7,99.9,44.7,41.9,42.8,44.6,82.5,128.5,188.3,164.0,116.6,123.2,54.9,31.0,24.7,19.3,15.7,17.3,41.1,121.8,132.1,89.3
COURTENAY,Water,608.3,803.2,"1,012.1",906.3,"1,177.0",369.2,246.7,976.7,490.4,"1,261.2","1,206.3","1,176.3",517.7,915.7,"1,149.6",328.1,39.6,28.5,22.1,147.2,107.6,948.8,"1,069.9",830.8,36.1,103.0,928.0,"1,072.0","1,020.2",474.8,676.9,234.6,708.8,"1,352.7","1,300.3","1,134.1",697.4,737.8,"1,288.4","1,094.8","1,368.6",538.0,22.7,89.0,771.7,"1,528.0","1,435.0","1,081.5",651.9,888.0,"1,160.9",501.0,661.6,236.0,98.2,25.5,744.4,"1,391.8","1,401.5","1,191.5",749.8,454.1
CAUTHEN,Electricity,"27,535.4","28,510.7","27,528.7","29,032.1","29,751.6","27,391.4","26,421.6","28,266.3","28,120.6","29,710.9","30,123.3","25,613.8","26,408.5","27,937.0","27,328.2","27,335.0","25,935.9","26,013.1","25,197.5","25,647.3","24,865.2","28,783.4","29,468.8","27,611.7","21,042.0","21,105.7","28,136.2","30,128.6","28,742.3","27,342.8","25,388.2","22,283.0","27,149.6","30,461.6","30,103.1","28,201.8","24,449.9","26,941.4","28,594.4","29,571.6","30,031.6","27,946.3","25,649.9","27,145.1","26,938.6","27,801.2","30,024.8","28,060.5","26,794.2","27,480.9","29,491.1","30,099.7","30,325.6","28,394.6","25,013.3","25,535.9","28,882.8","29,944.3","31,253.7","30,053.9","27,617.5","2,188.6"
CAUTHEN,MTHW,100.5,117.4,88.7,91.8,47.7,21.1,16.6,8.3,13.2,21.2,32.5,84.2,108.6,132.9,106.6,44.1,32.5,30.1,14.7,10.9,18.9,49.1,38.6,94.6,105.9,104.2,136.8,102.0,66.0,53.5,23.2,24.6,35.3,46.7,73.2,157.5,136.9,192.0,182.9,147.4,121.7,74.8,54.2,46.1,46.6,52.4,119.5,128.9,166.1,170.0,172.4,164.7,103.6,68.0,36.1,36.8,42.2,49.6,99.2,146.3,80.2,51.5
CAUTHEN,Water,264.6,364.7,549.0,454.9,574.8,187.3,47.6,97.1,226.9,770.0,648.1,563.9,314.2,772.0,570.8,148.7,9.9,7.9,9.9,9.9,13.9,500.5,552.0,426.1,13.9,55.5,530.2,576.8,536.1,248.7,6.9,5.0,375.6,733.4,622.4,507.4,309.2,347.8,584.7,490.6,571.8,226.9,65.4,77.3,622.4,820.6,743.3,518.3,331.0,428.1,734.3,639.2,767.1,269.6,6.9,5.0,466.8,900.8,786.9,603.5,393.6,267.8
WOODY,Electricity,"28,716.6","29,191.7","28,033.4","29,363.7","29,903.4","29,066.4","27,079.9","27,247.1","22,439.0","25,945.8","30,255.0","27,039.5","26,112.1","27,230.2","27,467.3","26,685.1","23,925.6","25,105.6","24,000.9","25,900.8","25,655.2","28,600.8","30,160.5","27,086.1","24,745.0","27,349.7","28,166.3","30,423.6","30,236.2","29,396.1","25,497.1","26,580.1","30,315.0","32,758.8","33,125.8","30,531.9","27,811.4","28,360.7","29,073.2","31,366.6","31,678.7","29,800.1","27,101.9","30,053.0","30,640.3","31,550.2","32,182.9","29,928.2","27,905.7","30,123.0","29,842.0","31,227.6","31,444.0","29,223.2","26,147.7","26,106.3","31,038.7","32,299.7","32,351.2","30,648.4","28,654.0","2,431.5"
WOODY,MTHW,157.7,189.9,115.4,103.7,43.5,27.5,31.6,18.7,39.7,38.3,62.1,101.2,113.2,118.4,106.7,93.2,78.3,73.4,40.7,24.7,38.5,45.2,57.1,92.1,163.2,183.2,164.8,98.8,67.1,49.5,35.0,32.1,54.7,61.8,71.0,145.1,137.9,235.5,160.5,115.3,94.8,64.6,42.1,38.8,41.2,50.1,101.2,120.8,157.8,142.5,141.9,128.4,85.9,63.8,41.3,35.8,44.2,56.4,87.2,131.3,87.6,49.8
WOODY,Water,643.4,752.9,905.8,724.7,"1,278.2",521.7,477.3,816.8,456.1,"1,307.4","1,161.5",957.8,615.7,817.9,677.0,181.0,13.0,15.0,5.0,28.0,30.0,"1,126.0",725.0,483.0,7.0,151.0,638.0,767.0,809.0,376.0,7.0,9.0,759.0,"1,325.0","1,266.0",985.0,449.0,482.0,"1,026.0",699.0,903.0,"1,255.0",232.0,588.0,"1,016.0","1,196.0",851.0,689.0,363.0,487.0,688.0,660.0,874.0,391.0,78.0,5.0,893.0,"1,568.0",724.0,529.0,641.1,403.9
KELLOGG,Electricity,"50,494.5","51,911.0","50,316.0","53,036.0","52,977.8","49,400.3","48,333.0","53,734.3","50,641.8","55,577.8","55,513.3","52,926.0","49,526.8","52,876.8","52,346.3","46,605.5","40,957.3","42,288.0","28,169.8","28,813.5","29,768.3","40,498.8","42,295.8","38,719.3","27,104.5","28,039.8","41,610.0","47,530.5","50,400.8","45,379.3","46,681.3","46,579.5","49,967.5","55,132.8","56,143.8","54,662.8","46,176.5","50,087.5","51,963.0","53,608.5","53,006.5","49,617.0","43,240.0","44,797.0","46,354.5","54,618.5","54,414.5","51,107.5","42,982.5","48,706.5","50,088.0","53,880.0","53,944.5","49,421.5","45,623.0","43,110.0","50,051.0","54,313.0","55,769.5","52,027.5","47,764.5","7,335.2"
KELLOGG,MTHW,218.4,332.1,341.0,315.9,106.4,119.9,100.0,76.7,54.4,70.1,118.5,291.4,253.2,283.6,260.7,163.2,124.1,107.4,51.5,31.5,38.5,70.3,90.6,149.0,227.1,262.2,335.8,235.9,193.5,135.6,72.0,61.2,69.6,88.4,97.4,176.3,196.0,283.9,233.6,194.3,166.8,103.8,73.7,49.0,62.0,96.9,125.0,167.8,210.9,240.2,257.4,290.5,202.8,160.0,98.0,45.6,75.3,103.7,224.0,279.0,161.1,89.2
KELLOGG,Water,"1,045.6","1,380.6","1,739.7","1,557.8","2,023.2",634.6,424.0,"1,678.9",843.0,"2,167.9","2,073.6","2,021.9",889.9,"1,574.0","1,976.0",564.0,68.0,49.0,38.0,253.0,185.0,"1,631.0","1,839.0","1,428.0",62.0,181.0,"1,630.0","1,883.0","1,792.0",834.0,"1,189.0",412.0,"1,245.0","2,376.0","2,284.0","1,992.0","1,225.0","1,296.0","2,263.0","1,923.0","2,404.0",945.0,39.0,153.0,"1,360.0","2,693.0","2,529.0","1,906.0","1,149.0","1,565.0","2,046.0",883.0,"1,166.0",416.0,173.0,45.0,"1,312.0","2,453.0","2,470.0","2,100.0","1,308.0",794.7
BALZ-DOBIE,Electricity,"49,008.8","62,610.8","59,162.3","61,471.9","62,820.7","53,889.0","45,801.4","50,353.5","52,880.5","66,260.3","65,237.7","61,774.6","57,148.6","60,848.3","60,914.4","51,917.3","41,901.4","34,662.6","17,341.5","39,982.7","46,169.9","60,391.7","65,289.0","58,643.4","31,152.4","21,565.3","56,242.3","64,284.4","60,878.3","53,636.3","44,904.4","46,447.6","54,763.8","63,289.4","65,776.4","61,924.3","57,278.9","60,949.0","61,741.5","63,117.3","65,510.0","57,510.3","46,080.0","51,728.7","57,506.3","67,350.0","66,627.1","61,683.0","57,690.3","45,173.4","63,781.2","65,933.0","66,873.4","55,956.9","47,380.4","52,232.4","59,431.0","67,875.3","66,984.5","62,038.6","55,663.0","10,828.8"
BALZ-DOBIE,MTHW,191.8,312.1,213.3,199.8,124.9,83.6,43.4,47.5,51.3,64.2,69.6,145.2,199.0,231.4,199.3,111.9,73.5,33.4,30.6,30.1,26.2,34.7,50.7,97.7,133.5,133.5,257.0,146.3,105.1,65.8,45.6,44.6,54.3,69.4,77.0,169.6,154.6,292.3,282.2,176.5,126.7,81.9,57.4,49.8,56.5,70.6,94.5,150.6,247.0,177.2,216.5,232.6,136.1,99.2,75.3,69.7,85.8,90.3,97.4,170.1,121.0,74.6
BALZ-DOBIE,Water,"1,083.4","1,261.0","1,793.2","1,515.9","1,935.4",741.9,198.8,344.4,548.5,"1,920.2","1,783.9","1,662.0",967.0,"1,412.0","1,901.0",472.0,302.0,33.0,46.0,29.0,75.0,"1,437.0","1,972.0","1,505.0",62.0,176.0,"1,713.0","2,079.0","1,924.0",917.0,53.0,46.0,924.0,"2,102.0","2,099.0","1,808.0","1,152.0","1,161.0","2,242.0","1,754.0","2,141.0","1,020.0",74.0,330.0,"1,015.0","2,294.0","2,258.0","1,694.0","1,164.0","1,292.0","2,252.0","1,941.0","2,825.0","1,222.0","2,369.0","1,227.0","1,090.0","2,092.0","2,184.0","1,754.0","1,289.8",774.2
WATSON-WEBB,Electricity,"45,005.1","57,673.4","56,801.6","57,023.0","58,237.4","50,184.9","42,576.9","48,400.5","50,975.4","61,700.0","59,922.9","56,653.0","52,809.9","56,145.5","54,608.2","46,014.6","37,699.9","32,385.6","16,954.4","35,125.1","41,424.4","49,591.1","59,376.4","54,635.1","29,400.6","27,742.8","54,368.7","59,371.6","56,737.2","49,267.2","43,098.4","45,202.3","53,389.3","60,713.0","60,303.1","57,742.6","40,890.6","51,961.8","51,152.4","54,516.2","55,020.3","53,265.4","45,436.4","49,985.5","56,124.2","63,165.3","61,933.7","56,451.5","40,117.1","40,906.2","58,612.7","60,914.1","59,247.3","49,240.4","43,010.5","50,329.3","57,566.9","62,029.1","61,885.4","50,020.4","50,884.1","9,590.8"
WATSON-WEBB,MTHW,194.6,313.2,222.7,208.5,124.1,61.1,51.3,54.8,67.0,106.3,,242.9,166.0,197.7,226.1,114.7,74.4,1.6,1.7,,26.7,10.4,,136.2,153.9,169.1,250.1,176.1,129.0,108.0,79.2,65.8,62.8,74.7,119.7,170.3,129.9,294.4,216.1,166.3,143.1,114.6,101.2,105.9,97.4,84.1,18.9,71.0,116.6,103.1,233.6,227.7,84.3,26.8,0.8,5.4,14.1,29.9,36.0,77.4,116.8,78.6
WATSON-WEBB,Water,"1,140.4","1,439.9","2,101.8","1,535.2","1,942.3",696.7,182.8,462.4,824.4,"2,251.4","2,125.5","1,758.0","1,067.0","1,718.0","2,059.0",568.0,39.0,43.0,24.0,39.0,90.0,"1,883.0","2,358.0","1,556.0",89.0,202.0,"1,924.0","2,352.0","2,181.0","1,125.0",628.0,46.0,"1,215.0","2,259.0","2,206.0","2,016.0","1,209.0","1,258.0","1,991.0","1,714.0","2,134.0",996.0,108.0,335.0,"1,135.0","2,275.0","2,136.0","1,564.0",965.0,"1,354.0","2,054.0","1,684.0","2,200.0",921.0,291.0,283.0,"1,139.0","2,292.0","1,992.0","1,665.0","1,297.4",786.3
LILE-MAUPIN,Electricity,"30,505.0","32,582.0","39,405.0","29,857.0","38,073.0","35,161.0","29,926.0","31,647.0","32,820.0","36,390.0","41,186.0","41,938.0","37,841.0","40,834.0","43,690.0","36,086.0","29,020.0","24,686.0","12,580.0","20,024.0","30,994.0","30,471.0","30,818.0","32,465.0","23,204.0","21,081.0","43,212.0","47,260.0","44,640.0","38,022.0","31,101.0","32,181.0","39,940.0","47,910.0","48,895.0","45,901.0","33,868.0","33,126.0","44,335.0","46,644.0","48,252.0","40,866.0","32,683.0","35,237.0","36,804.0","34,759.0","35,276.0","31,091.0","26,982.0","38,136.0","36,919.0","44,849.0","46,252.0","30,724.0","20,110.0","20,728.0","27,480.0","36,067.0","48,304.0","45,600.0","35,457.3","8,213.1"
LILE-MAUPIN,MTHW,220.5,294.3,241.7,204.4,143.1,109.2,107.7,115.8,108.8,113.6,137.4,218.4,268.3,266.6,241.7,147.5,122.9,98.3,81.9,94.2,114.7,122.9,131.1,139.3,188.4,213.0,303.1,278.5,163.8,147.5,114.7,114.7,114.7,131.1,131.1,213.0,180.2,294.9,245.8,196.6,163.8,163.8,98.3,131.1,131.1,98.3,129.4,158.0,226.5,229.0,205.0,225.0,150.0,118.1,96.9,105.0,110.7,120.3,152.2,236.0,165.4,60.5
LILE-MAUPIN,Water,"1,125.4","1,306.5","2,207.4","1,647.4","2,028.1",710.3,212.1,351.0,528.0,"1,844.9","1,848.8","1,541.0",855.8,"1,467.5","1,632.0",405.0,20.0,29.0,13.0,33.0,79.0,"1,392.0","1,720.0","1,333.0",14.0,148.0,"1,932.0","1,879.0","1,364.0","1,588.0",488.0,8.0,751.0,"1,688.0","1,598.0","1,398.0",855.0,947.0,"1,670.0","1,527.0","1,860.0",790.0,103.0,287.0,877.0,"1,923.0","1,942.0","1,322.0",831.0,"1,135.0","1,895.0","1,614.0","2,051.0",770.0,28.0,31.0,"1,113.0","2,044.0","1,969.0","1,616.0","1,106.4",705.7
TUTTLE-DUNNINGTON,Electricity,"25,892.0","29,898.0","37,337.0","41,141.0","42,140.0","35,112.0","28,731.0","31,795.0","33,388.0","43,457.0","42,851.0","40,642.0","36,761.0","39,926.0","40,939.0","33,066.0","27,198.0","25,837.0","11,199.0","25,358.0","31,796.0","43,728.0","46,903.0","42,123.0","21,391.0","20,066.0","41,632.0","46,941.0","45,190.0","38,322.0","30,876.0","31,884.0","39,808.0","47,001.0","47,693.0","43,663.0","31,332.0","38,578.0","41,764.0","43,386.0","45,670.0","39,812.0","32,101.0","33,671.0","41,051.0","47,040.0","46,858.0","42,311.0","38,057.0","40,233.0","43,478.0","45,558.0","45,718.0","38,427.0","33,326.0","35,202.0","40,959.0","47,348.0","48,333.0","45,082.0","37,949.7","7,886.5"
TUTTLE-DUNNINGTON,MTHW,253.2,363.6,274.8,266.0,155.3,116.0,101.2,108.8,113.9,129.4,144.6,235.9,262.1,327.7,262.1,196.6,196.6,65.5,65.5,131.1,131.1,162.4,148.5,184.3,227.3,245.8,307.2,229.4,180.2,163.8,180.2,516.1,-254.0,162.4,148.5,196.6,196.6,327.7,262.1,196.6,163.8,131.1,98.3,98.3,131.1,131.1,138.5,183.5,285.0,246.2,230.5,247.0,174.4,140.4,125.1,141.4,132.3,128.8,176.3,262.0,184.1,98.3
TUTTLE-DUNNINGTON,Water,992.6,"1,269.7","1,626.9","1,361.6","1,742.6",597.8,65.0,288.7,712.0,"2,117.7","2,033.1","1,440.0",820.0,"1,292.0","1,663.0",435.0,14.0,25.0,10.0,45.0,"4,287.0","1,440.0","1,581.0","1,138.0",38.0,143.0,"1,406.0","1,608.0","1,580.0",713.0,40.0,17.0,906.0,"1,848.0","1,763.0","1,522.0",952.0,"1,044.0","1,835.0","1,500.0","1,898.0",946.0,16.0,28.0,"1,402.0","2,831.0","2,118.0","1,686.0","1,138.0","1,310.0","2,189.0","1,848.0","2,416.0",947.0,288.0,458.0,"1,664.0","2,971.0","2,535.0","2,022.0","1,243.7",878.6
SHANNON,Electricity,"36,809.3","36,205.6","34,894.2","34,020.0","42,490.2","32,541.9","22,737.7","35,897.0","36,379.5","41,733.2","46,951.0","44,745.0","39,292.1","33,034.5","35,777.4","27,500.1","26,054.2","27,183.8","14,964.8","19,399.1","22,633.0","43,905.0","45,978.5","39,997.5","21,006.6","22,504.9","43,669.3","49,519.6","46,618.4","41,737.4","34,710.3","32,200.3","43,596.1","41,839.5","45,412.2","48,359.1","34,989.6","32,332.6","37,398.8","44,536.9","52,024.8","47,065.0","38,337.4","40,898.3","46,129.5","51,650.5","52,902.6","48,546.6","47,204.5","48,913.5","50,337.7","52,711.2","53,458.3","44,403.7","29,519.4","26,144.3","34,389.0","45,346.0","56,184.0","52,534.0","39,337.6","9,772.6"
SHANNON,MTHW,116.7,203.3,109.7,101.9,34.8,44.2,34.2,15.5,38.3,30.5,35.1,116.1,155.7,134.1,106.1,63.2,32.0,9.5,0.6,16.4,49.5,21.0,25.9,67.8,98.1,167.4,217.2,100.8,54.7,49.2,42.1,52.6,76.7,69.2,86.6,157.9,119.5,271.7,188.7,141.9,120.0,76.6,55.1,64.1,71.8,74.4,101.0,142.3,250.8,213.3,211.2,196.6,110.8,67.0,45.1,59.5,70.9,71.8,94.0,157.2,95.2,63.9
SHANNON,Water,"1,279.2","1,720.4","1,819.0","1,738.8","2,372.3","1,339.9",676.6,"1,145.0",989.9,"2,338.9","2,184.7","1,970.0","1,225.7","1,722.7","2,099.4",638.3,155.6,165.9,122.8,182.8,130.3,"1,690.8","1,957.9","1,467.7",153.7,"1,494.0","1,837.0","2,157.5","1,927.0",969.1,309.3,449.9,"1,369.3","2,394.7","2,349.7","1,996.4","1,315.0","1,377.8","2,241.0","1,867.0","2,356.2","1,137.8",388.0,546.4,"1,345.9","2,643.0","2,614.8","2,091.1","1,392.2","1,672.7","2,830.0","2,178.7","3,182.3","1,158.3",567.5,440.8,"1,430.4","2,454.5","2,362.2","1,959.7","1,501.6",791.3
GIBBONS,Electricity,"56,640.5","59,921.3","59,585.5","59,768.5","60,229.8","52,797.8","45,870.3","50,520.8","50,629.8","61,925.5","62,481.5","60,039.0","54,566.5","58,115.8","59,397.8","49,281.8","40,246.0","40,084.8","38,695.0","43,223.5","44,257.5","58,586.8","60,186.3","56,007.3","50,550.3","56,303.0","53,699.0","58,077.8","56,751.0","52,264.0","43,303.5","54,358.0","52,326.8","60,079.8","60,978.0","58,275.0","53,397.5","54,513.0","56,747.5","58,092.0","58,601.0","54,040.5","38,855.0","41,701.5","53,905.5","62,647.5","64,260.5","59,531.5","54,122.0","56,817.5","59,775.5","61,800.0","61,686.0","54,114.5","46,004.0","46,519.5","53,985.0","61,554.0","63,138.0","59,324.0","54,586.0","6,765.1"
GIBBONS,MTHW,312.3,344.6,262.8,222.6,112.6,53.2,35.7,31.3,38.2,56.4,95.0,227.0,269.1,291.5,267.5,175.7,107.9,72.8,53.5,53.5,60.1,88.0,105.6,144.5,261.6,301.3,295.4,189.9,127.4,86.3,55.9,51.6,71.0,96.9,109.6,222.4,238.1,388.8,285.3,212.4,165.8,106.3,73.9,71.9,90.0,108.8,169.1,227.8,359.0,315.5,263.5,262.7,168.8,121.1,90.6,83.3,96.1,107.3,142.7,244.8,162.4,97.4
GIBBONS,Water,978.0,"1,247.0","1,668.0","1,331.0","1,793.0",643.0,201.0,377.0,632.0,"2,093.0","1,870.0","1,804.0","1,160.0","1,442.0","2,062.0",490.0,78.0,41.0,19.0,33.0,100.0,"1,379.0","1,626.0","1,166.0",270.0,"1,108.0","1,291.0","1,353.0","1,348.0",594.0,93.0,88.0,"1,241.0","2,143.0","2,163.0","1,803.0","1,084.0","1,124.0","1,942.0","1,635.0","1,989.0","1,097.0",389.0,370.0,"1,259.0","2,837.0","3,685.0","1,786.0","1,103.0","1,402.0","2,305.0","2,004.0","2,472.0","1,022.0",499.0,302.0,"1,320.0","2,404.0","2,290.0","2,335.0","1,273.1",813.2
GOOCH,Electricity,"5,989.4","6,382.3","6,223.1","6,212.9","6,510.7","5,493.5","4,433.6","4,823.4","5,300.7","6,873.6","6,569.2","6,195.5","5,821.1","6,267.1","6,224.8","5,076.3","3,878.0","2,961.6","2,802.7","4,113.5","4,820.2","6,236.9","6,165.4","5,529.3","4,090.1","4,051.8","5,672.8","6,169.5","6,028.4","4,929.9","4,373.9","4,560.8","5,572.0","6,546.7","6,488.5","5,854.1","5,663.5","5,768.0","5,784.7","5,781.1","6,040.0","5,491.9","4,790.1","5,081.8","5,973.7","6,851.9","6,157.5","5,876.1","5,565.7","5,778.9","6,002.7","6,158.2","6,223.5","5,185.2","4,339.5","4,817.3","5,953.3","6,933.2","6,380.4","5,865.1","5,561.8",910.0
GOOCH,MTHW,49.8,65.7,44.1,42.2,6.0,,,,,,4.2,41.7,56.2,56.2,47.0,28.0,16.6,3.9,0.4,0.0,,,3.7,23.2,49.5,56.2,62.0,28.2,6.2,,0.0,0.0,,,1.1,38.0,37.7,79.5,47.3,27.8,5.3,0.1,0.1,0.1,0.1,0.1,9.8,27.0,52.9,45.8,34.0,32.3,4.2,0.0,0.0,0.0,0.0,0.0,4.4,29.0,23.4,23.3
GOOCH,Water,252.2,312.1,417.2,333.0,420.5,132.7,14.7,30.4,138.4,478.7,436.8,382.0,218.1,322.4,428.6,104.9,8.9,9.9,2.8,5.8,6.4,336.5,387.7,280.8,3.7,38.4,341.8,410.2,371.3,170.1,16.2,43.4,242.9,502.4,457.2,372.6,232.6,240.1,431.7,360.1,446.4,173.2,8.4,30.3,268.8,557.4,518.0,434.3,279.4,311.1,561.3,460.9,590.8,203.5,9.0,23.9,289.0,554.3,538.3,434.2,273.2,184.8
DILLARD,Electricity,"8,322.6","8,868.6","8,647.4","8,633.2","9,046.9","7,633.5","6,160.7","6,702.4","7,365.6","9,551.2","9,128.3","8,609.0","8,088.7","8,708.5","8,649.7","7,053.8","5,388.7","4,115.3","3,894.5","5,715.9","6,697.9","8,666.5","8,567.1","7,683.3","5,683.4","5,630.2","7,882.7","8,572.9","8,376.8","6,850.3","6,077.7","6,337.5","7,742.5","9,097.0","9,016.1","8,134.6","7,869.7","8,015.0","8,038.2","8,033.1","8,393.0","7,631.3","6,655.9","7,061.3","8,300.5","9,520.9","8,556.0","8,164.9","7,733.6","8,029.9","8,340.9","8,556.9","8,647.7","7,205.0","6,029.9","6,693.8","8,272.3","9,633.9","8,865.7","8,149.7","7,728.3","1,264.4"
DILLARD,MTHW,69.2,91.2,61.3,58.7,8.4,,,,,,5.8,58.0,78.1,78.1,65.4,38.9,23.1,5.5,0.6,0.0,,,5.1,32.3,68.8,78.0,86.2,39.2,8.7,,0.0,,,,1.5,52.9,52.4,110.5,65.7,38.7,7.3,0.1,0.1,0.1,0.1,0.1,13.6,37.5,73.4,63.7,47.2,44.9,5.8,0.0,0.0,0.0,0.0,0.0,6.1,40.3,32.5,32.3
DILLARD,Water,350.5,433.7,579.7,462.8,584.3,184.5,20.5,42.3,192.3,665.2,606.9,530.7,303.1,448.0,595.5,145.8,12.4,13.8,3.9,8.1,8.9,467.6,538.7,390.2,5.1,53.4,475.0,570.0,516.0,236.4,22.5,60.3,337.5,698.1,635.4,517.8,323.3,333.7,599.9,500.4,620.3,240.6,11.6,42.1,373.5,774.6,719.7,603.5,388.2,432.3,779.9,640.4,821.0,282.8,12.5,33.2,401.6,770.2,747.9,603.4,379.6,256.7